Date,NAV,Dividend,TotalReturn
2023-05-02,0.3738,,0.3738
2023-05-03,0.3695,,0.3695
2023-05-05,0.3717,,0.3717
2023-05-08,0.373,,0.373
2023-05-09,0.3687,,0.3687
2023-05-10,0.368,,0.368
2023-05-11,0.3666,,0.3666
2023-05-12,0.3653,,0.3653
2023-05-15,0.3707,,0.3707
2023-05-16,0.3731,,0.3731
2023-05-17,0.3724,,0.3724
2023-05-18,0.3761,,0.3761
2023-05-19,0.3743,,0.3743
2023-05-22,0.3769,,0.3769
2023-05-23,0.3748,,0.3748
2023-05-24,0.372,,0.372
2023-05-25,0.372,,0.372
2023-05-29,0.3741,,0.3741
2023-05-30,0.3745,,0.3745
2023-05-31,0.3689,,0.3689
2023-06-01,0.368,,0.368
2023-06-02,0.3758,,0.3758
2023-06-06,0.3755,,0.3755
2023-06-07,0.3781,,0.3781
2023-06-08,0.3774,,0.3774
2023-06-09,0.381,,0.381
2023-06-12,0.3836,,0.3836
2023-06-13,0.39,,0.39
2023-06-14,0.3907,,0.3907
2023-06-15,0.3975,,0.3975
2023-06-16,0.3998,,0.3998
2023-06-19,0.3987,,0.3987
2023-06-20,0.3951,,0.3951
2023-06-21,0.3884,,0.3884
2023-06-22,0.3884,,0.3884
2023-06-23,0.3867,,0.3867
2023-06-26,0.3824,,0.3824
2023-06-27,0.3849,,0.3849
2023-06-28,0.3843,,0.3843
2023-06-30,0.3837,,0.3837
2023-07-03,0.3908,,0.3908
2023-07-04,0.392,,0.392
2023-07-05,0.3877,,0.3877
2023-07-06,0.3817,,0.3817
2023-07-07,0.3797,,0.3797
2023-07-10,0.381,,0.381
2023-07-11,0.386,,0.386
2023-07-12,0.3885,,0.3885
2023-07-13,0.3927,,0.3927
2023-07-14,0.3893,,0.3893
2023-07-17,0.3893,,0.3893
2023-07-18,0.3836,,0.3836
2023-07-20,0.3802,,0.3802
2023-07-21,0.3815,,0.3815
2023-07-24,0.3794,,0.3794
2023-07-25,0.3895,,0.3895
2023-07-26,0.3855,,0.3855
2023-07-27,0.3853,,0.3853
2023-07-28,0.3935,,0.3935
2023-07-31,0.3892,,0.3892
2023-08-01,0.3884,,0.3884
2023-08-02,0.3814,,0.3814
2023-08-03,0.3833,,0.3833
2023-08-04,0.3844,,0.3844
2023-08-07,0.3851,,0.3851
2023-08-08,0.3814,,0.3814
2023-08-09,0.3805,,0.3805
2023-08-10,0.3777,,0.3777
2023-08-11,0.375,,0.375
2023-08-14,0.3725,,0.3725
2023-08-15,0.3729,,0.3729
2023-08-16,0.3692,,0.3692
2023-08-17,0.3728,,0.3728
2023-08-18,0.3662,,0.3662
2023-08-21,0.3629,,0.3629
2023-08-22,0.3679,,0.3679
2023-08-23,0.3685,,0.3685
2023-08-24,0.3759,,0.3759
2023-08-25,0.3687,,0.3687
2023-08-28,0.3716,,0.3716
2023-08-29,0.378,,0.378
2023-08-30,0.3785,,0.3785
2023-09-01,0.3762,,0.3762
2023-09-04,0.384,,0.384
2023-09-05,0.3809,,0.3809
2023-09-06,0.3807,,0.3807
2023-09-07,0.3759,,0.3759
2023-09-08,0.375,,0.375
2023-09-11,0.3742,,0.3742
2023-09-12,0.374,,0.374
2023-09-13,0.3732,,0.3732
2023-09-14,0.3752,,0.3752
2023-09-15,0.3775,,0.3775
2023-09-18,0.3743,,0.3743
2023-09-19,0.3738,,0.3738
2023-09-20,0.3686,,0.3686
2023-09-21,0.3627,,0.3627
2023-09-22,0.3691,,0.3691
2023-09-25,0.3659,,0.3659
2023-09-26,0.3619,,0.3619
2023-09-27,0.3656,,0.3656
2023-09-29,0.3662,,0.3662
2023-10-02,0.3662,,0.3662
2023-10-03,0.3648,,0.3648
2023-10-04,0.3617,,0.3617
2023-10-05,0.3641,,0.3641
2023-10-06,0.3669,,0.3669
2023-10-09,0.3687,,0.3687
2023-10-10,0.3703,,0.3703
2023-10-11,0.3739,,0.3739
2023-10-12,0.3786,,0.3786
2023-10-13,0.3737,,0.3737
2023-10-16,0.369,,0.369
2023-10-17,0.37,,0.37
2023-10-18,0.3648,,0.3648
2023-10-19,0.3624,,0.3624
2023-10-20,0.3606,,0.3606
2023-10-23,0.3606,,0.3606
2023-10-24,0.3591,,0.3591
2023-10-25,0.3616,,0.3616
2023-10-26,0.358,,0.358
2023-10-27,0.3639,,0.3639
2023-10-30,0.3655,,0.3655
2023-10-31,0.3592,,0.3592
2023-11-01,0.3592,,0.3592
2023-11-02,0.3623,,0.3623
2023-11-03,0.368,,0.368
2023-11-06,0.3679,,0.3679
2023-11-07,0.3682,,0.3682
2023-11-08,0.3683,,0.3683
2023-11-09,0.3683,,0.3683
2023-11-10,0.3652,,0.3652
2023-11-14,0.3707,,0.3707
2023-11-15,0.377,,0.377
2023-11-16,0.375,,0.375
2023-11-17,0.3726,,0.3726
2023-11-20,0.3771,,0.3771
2023-11-21,0.3772,,0.3772
2023-11-22,0.3768,,0.3768
2023-11-23,0.3788,,0.3788
2023-11-24,0.375,,0.375
2023-11-27,0.373,,0.373
2023-11-28,0.3746,,0.3746
2023-11-29,0.3699,,0.3699
2023-11-30,0.3725,,0.3725
2023-12-01,0.3697,,0.3697
2023-12-04,0.3635,,0.3635
2023-12-05,0.3579,,0.3579
2023-12-06,0.3598,,0.3598
2023-12-07,0.3574,,0.3574
2023-12-08,0.3584,,0.3584
2023-12-11,0.3598,,0.3598
2023-12-12,0.3624,,0.3624
2023-12-13,0.3615,,0.3615
2023-12-14,0.3632,,0.3632
2023-12-15,0.3684,,0.3684
2023-12-18,0.3664,,0.3664
2023-12-19,0.3636,,0.3636
2023-12-20,0.3622,,0.3622
2023-12-21,0.3624,,0.3624
2023-12-22,0.3554,,0.3554
2023-12-26,0.3554,,0.3554
2023-12-27,0.3612,,0.3612
2023-12-28,0.3667,,0.3667
2023-12-29,0.3667,,0.3667
2024-01-02,0.3616,,0.3616
2024-01-03,0.3589,,0.3589
2024-01-04,0.3576,,0.3576
2024-01-05,0.3563,,0.3563
2024-01-08,0.3521,,0.3521
2024-01-09,0.3521,,0.3521
2024-01-10,0.3507,,0.3507
2024-01-11,0.3556,,0.3556
2024-01-12,0.3547,,0.3547
2024-01-15,0.3556,,0.3556
2024-01-16,0.3518,,0.3518
2024-01-17,0.3434,,0.3434
2024-01-18,0.3447,,0.3447
2024-01-19,0.3469,,0.3469
2024-01-22,0.3419,,0.3419
2024-01-23,0.3478,,0.3478
2024-01-24,0.3542,,0.3542
2024-01-26,0.3545,,0.3545
2024-01-29,0.3557,,0.3557
2024-01-30,0.3498,,0.3498
2024-01-31,0.3447,,0.3447
2024-02-02,0.3459,,0.3459
2024-02-05,0.3465,,0.3465
2024-02-06,0.3577,,0.3577
2024-02-07,0.3583,,0.3583
2024-02-08,0.3575,,0.3575
2024-02-09,0.3553,,0.3553
2024-02-13,0.3553,,0.3553
2024-02-14,0.3589,,0.3589
2024-02-15,0.3642,,0.3642
2024-02-16,0.3678,,0.3678
2024-02-19,0.3649,,0.3649
2024-02-20,0.3678,,0.3678
2024-02-21,0.369,,0.369
2024-02-22,0.3725,,0.3725
2024-02-23,0.3737,,0.3737
2024-02-26,0.3732,,0.3732
2024-02-27,0.3726,,0.3726
2024-02-28,0.3678,,0.3678
2024-02-29,0.369,,0.369
2024-03-01,0.3713,,0.3713
2024-03-04,0.3734,,0.3734
2024-03-05,0.3689,,0.3689
2024-03-06,0.372,,0.372
2024-03-07,0.3687,,0.3687
2024-03-08,0.3694,,0.3694
2024-03-11,0.373,,0.373
2024-03-12,0.3778,,0.3778
2024-03-13,0.3795,,0.3795
2024-03-14,0.3795,,0.3795
2024-03-15,0.377,,0.377
2024-03-18,0.3804,,0.3804
2024-03-19,0.3756,,0.3756
2024-03-20,0.3756,,0.3756
2024-03-21,0.3807,,0.3807
2024-03-22,0.3786,,0.3786
2024-03-25,0.3779,,0.3779
2024-03-26,0.3771,,0.3771
2024-03-27,0.3745,,0.3745
2024-03-29,0.3745,,0.3745
2024-04-01,0.3745,,0.3745
2024-04-02,0.3852,,0.3852
2024-04-03,0.3837,,0.3837
2024-04-04,0.3837,,0.3837
2024-04-05,0.3811,,0.3811
2024-04-08,0.3818,,0.3818
2024-04-09,0.3852,,0.3852
2024-04-12,0.3833,,0.3833
2024-04-15,0.3795,,0.3795
2024-04-16,0.3701,,0.3701
2024-04-17,0.3739,,0.3739
2024-04-18,0.3765,,0.3765
2024-04-19,0.3667,,0.3667
2024-04-22,0.3665,,0.3665
2024-04-23,0.3717,,0.3717
2024-04-24,0.3829,,0.3829
2024-04-25,0.3808,,0.3808
2024-04-26,0.3899,,0.3899
2024-04-29,0.3922,,0.3922
2024-04-30,0.3915,,0.3915
2024-05-02,0.3929,,0.3929
2024-05-03,0.3966,,0.3966
2024-05-06,0.4002,,0.4002
2024-05-07,0.399,,0.399
2024-05-08,0.3968,,0.3968
2024-05-09,0.4015,,0.4015
2024-05-10,0.4057,,0.4057
2024-05-13,0.408,,0.408
2024-05-14,0.4092,,0.4092
2024-05-15,0.4092,,0.4092
2024-05-16,0.4111,,0.4111
2024-05-17,0.4139,,0.4139
2024-05-20,0.4145,,0.4145
2024-05-21,0.4089,,0.4089
2024-05-23,0.4075,,0.4075
2024-05-24,0.4057,,0.4057
2024-05-27,0.4099,,0.4099
2024-05-28,0.4096,,0.4096
2024-05-29,0.4052,,0.4052
2024-05-30,0.3994,,0.3994
2024-05-31,0.3949,,0.3949
2024-06-04,0.4022,,0.4022
2024-06-05,0.4017,,0.4017
2024-06-06,0.4058,,0.4058
2024-06-07,0.402,,0.402
2024-06-10,0.402,,0.402
2024-06-11,0.4011,,0.4011
2024-06-12,0.4022,,0.4022
2024-06-13,0.4058,,0.4058
2024-06-14,0.4073,,0.4073
2024-06-18,0.4062,,0.4062
2024-06-19,0.4145,,0.4145
2024-06-20,0.414,,0.414
2024-06-21,0.409,,0.409
2024-06-24,0.404,,0.404
2024-06-25,0.4037,,0.4037
2024-06-26,0.406,,0.406
2024-06-27,0.4025,,0.4025
2024-06-28,0.4049,,0.4049
2024-07-01,0.4049,,0.4049
2024-07-02,0.4014,,0.4014
2024-07-03,0.4054,,0.4054
2024-07-04,0.4094,,0.4094
2024-07-05,0.409,,0.409
2024-07-09,0.4111,,0.4111
2024-07-10,0.4098,,0.4098
2024-07-11,0.4173,,0.4173
2024-07-12,0.4167,,0.4167
2024-07-15,0.4131,,0.4131
2024-07-16,0.4101,,0.4101
2024-07-17,0.4044,,0.4044
2024-07-18,0.4002,,0.4002
2024-07-19,0.3947,,0.3947
2024-07-22,0.3911,,0.3911
2024-07-23,0.3912,,0.3912
2024-07-24,0.3878,,0.3878
2024-07-25,0.3816,,0.3816
2024-07-26,0.378,,0.378
2024-07-29,0.3769,,0.3769
2024-07-30,0.3733,,0.3733
2024-07-31,0.3776,,0.3776
2024-08-01,0.3773,,0.3773
2024-08-02,0.3592,,0.3592
2024-08-05,0.3405,,0.3405
2024-08-06,0.3492,,0.3492
2024-08-07,0.3583,,0.3583
2024-08-08,0.3547,,0.3547
2024-08-09,0.3563,,0.3563
2024-08-12,0.3623,,0.3623
2024-08-13,0.3641,,0.3641
2024-08-14,0.3618,,0.3618
2024-08-15,0.3623,,0.3623
2024-08-16,0.3695,,0.3695
2024-08-19,0.3683,,0.3683
2024-08-20,0.3666,,0.3666
2024-08-21,0.3651,,0.3651
2024-08-22,0.3663,,0.3663
2024-08-23,0.3655,,0.3655
2024-08-26,0.3645,,0.3645
2024-08-27,0.3635,,0.3635
2024-08-28,0.3603,,0.3603
2024-08-29,0.3594,,0.3594
2024-08-30,0.3637,,0.3637
2024-09-02,0.3638,,0.3638
2024-09-03,0.3638,,0.3638
2024-09-04,0.3532,,0.3532
2024-09-05,0.353,,0.353
2024-09-06,0.3543,,0.3543
2024-09-09,0.3509,,0.3509
2024-09-10,0.3476,,0.3476
2024-09-11,0.346,,0.346
2024-09-12,0.3527,,0.3527
2024-09-13,0.3516,,0.3516
2024-09-17,0.3516,,0.3516
2024-09-18,0.3516,,0.3516
2024-09-19,0.3532,,0.3532
2024-09-20,0.3554,,0.3554
2024-09-23,0.3558,,0.3558
2024-09-24,0.3618,,0.3618
2024-09-25,0.3636,,0.3636
2024-09-26,0.3787,,0.3787
2024-09-27,0.3876,,0.3876
2024-09-30,0.3932,,0.3932
2024-10-01,0.3932,,0.3932
2024-10-02,0.4125,,0.4125
2024-10-03,0.4137,,0.4137
2024-10-04,0.4204,,0.4204
2024-10-07,0.4325,,0.4325
2024-10-08,0.4107,,0.4107
2024-10-09,0.4055,,0.4055
2024-10-10,0.4128,,0.4128
2024-10-11,0.4128,,0.4128
2024-10-14,0.4119,,0.4119
2024-10-15,0.4052,,0.4052
2024-10-16,0.4005,,0.4005
2024-10-17,0.3996,,0.3996
2024-10-18,0.4128,,0.4128
2024-10-21,0.4104,,0.4104
2024-10-22,0.4151,,0.4151
2024-10-23,0.4159,,0.4159
2024-10-24,0.4101,,0.4101
2024-10-25,0.4129,,0.4129
2024-10-28,0.4128,,0.4128
2024-10-29,0.4116,,0.4116
2024-10-30,0.4082,,0.4082
2024-11-01,0.4074,,0.4074
2024-11-04,0.4139,,0.4139
2024-11-05,0.4174,,0.4174
2024-11-06,0.4182,,0.4182
2024-11-07,0.4237,,0.4237
2024-11-08,0.4206,,0.4206
2024-11-11,0.4186,,0.4186
2024-11-12,0.4092,,0.4092
2024-11-13,0.4091,,0.4091
2024-11-14,0.4054,,0.4054
2024-11-15,0.4026,,0.4026
2024-11-18,0.4007,,0.4007
2024-11-19,0.4054,,0.4054
2024-11-20,0.4066,,0.4066
2024-11-21,0.4032,,0.4032
2024-11-22,0.3996,,0.3996
2024-11-25,0.3989,,0.3989
2024-11-26,0.397,,0.397
2024-11-27,0.3989,,0.3989
2024-11-28,0.3961,,0.3961
2024-11-29,0.3981,,0.3981
2024-12-02,0.4052,,0.4052
2024-12-03,0.4099,,0.4099
2024-12-04,0.4108,,0.4108
2024-12-05,0.4069,,0.4069
2024-12-06,0.4093,,0.4093
2024-12-09,0.4173,,0.4173
2024-12-10,0.4147,,0.4147
2024-12-11,0.4144,,0.4144
2024-12-12,0.418,,0.418
2024-12-13,0.4149,,0.4149
2024-12-16,0.4108,,0.4108
2024-12-17,0.412,,0.412
2024-12-18,0.4143,,0.4143
2024-12-19,0.4156,,0.4156
2024-12-20,0.4143,,0.4143
2024-12-23,0.4161,,0.4161
2024-12-24,0.4181,,0.4181
2024-12-26,0.4181,,0.4181
2024-12-27,0.4192,,0.4192
2024-12-30,0.4167,,0.4167
2024-12-31,0.4157,,0.4157
2025-01-02,0.4096,,0.4096
2025-01-03,0.4111,,0.4111
2025-01-06,0.4146,,0.4146
2025-01-07,0.4136,,0.4136
2025-01-08,0.4097,,0.4097
2025-01-09,0.4076,,0.4076
2025-01-10,0.402,,0.402
2025-01-13,0.3956,,0.3956
2025-01-14,0.404,,0.404
2025-01-15,0.4016,,0.4016
2025-01-16,0.4081,,0.4081
2025-01-17,0.411,,0.411
2025-01-20,0.4162,,0.4162
2025-01-21,0.417,,0.417
2025-01-22,0.4119,,0.4119
2025-01-23,0.4114,,0.4114
2025-01-24,0.4105,,0.4105
2025-01-27,0.4105,,0.4105
2025-01-28,0.4116,,0.4116
2025-01-31,0.4116,,0.4116
2025-02-03,0.4097,,0.4097
2025-02-04,0.4132,,0.4132
2025-02-05,0.4126,,0.4126
2025-02-06,0.4209,,0.4209
2025-02-07,0.4264,,0.4264
2025-02-10,0.4308,,0.4308
2025-02-12,0.4349,,0.4349
2025-02-13,0.4323,,0.4323
2025-02-14,0.438,,0.438
2025-02-17,0.4416,,0.4416
2025-02-18,0.4457,,0.4457
2025-02-19,0.4454,,0.4454
2025-02-20,0.4412,,0.4412
2025-02-21,0.4549,,0.4549
2025-02-24,0.4486,,0.4486
2025-02-25,0.4416,,0.4416
2025-02-26,0.4515,,0.4515
2025-02-27,0.4509,,0.4509
2025-02-28,0.4401,,0.4401
2025-03-03,0.4382,,0.4382
2025-03-04,0.4381,,0.4381
2025-03-05,0.4458,,0.4458
2025-03-06,0.4557,,0.4557
2025-03-07,0.4513,,0.4513
2025-03-10,0.445,,0.445
2025-03-11,0.4439,,0.4439
2025-03-12,0.4451,,0.4451
2025-03-13,0.44,,0.44
2025-03-14,0.4472,,0.4472
2025-03-17,0.451,,0.451
2025-03-19,0.4542,,0.4542
2025-03-20,0.4489,,0.4489
2025-03-21,0.4391,,0.4391
2025-03-24,0.4408,,0.4408
2025-03-25,0.4351,,0.4351
2025-03-26,0.4358,,0.4358
2025-03-27,0.436,,0.436
2025-03-28,0.4315,,0.4315
2025-04-02,0.4316,,0.4316
2025-04-03,0.4236,,0.4236
2025-04-04,0.4236,,0.4236
2025-04-07,0.3735,,0.3735
2025-04-08,0.3718,,0.3718
2025-04-09,0.368,,0.368
2025-04-10,0.381,,0.381
2025-04-11,0.3841,,0.3841
2025-04-14,0.391,,0.391
2025-04-15,0.3927,,0.3927
2025-04-16,0.3825,,0.3825
2025-04-17,0.3852,,0.3852
2025-04-18,0.3852,,0.3852
2025-04-21,0.3852,,0.3852
2025-04-22,0.3848,,0.3848
2025-04-23,0.3962,,0.3962
2025-04-24,0.3914,,0.3914
2025-04-25,0.3951,,0.3951
2025-04-28,0.3947,,0.3947
2025-04-29,0.3962,,0.3962
2025-04-30,0.3985,,0.3985
2025-05-02,0.4045,,0.4045
2025-05-05,0.4045,,0.4045
2025-05-06,0.4053,,0.4053
2025-05-07,0.4026,,0.4026
2025-05-08,0.4072,,0.4072
2025-05-09,0.4107,,0.4107
2025-05-13,0.4198,,0.4198
2025-05-14,0.425,,0.425
2025-05-15,0.4226,,0.4226
2025-05-16,0.4228,,0.4228
2025-05-19,0.4175,,0.4175
2025-05-20,0.4217,,0.4217
2025-05-21,0.4233,,0.4233
2025-05-22,0.4205,,0.4205
2025-05-23,0.4157,,0.4157
2025-05-26,0.411,,0.411
2025-05-27,0.4119,,0.4119
2025-05-28,0.4097,,0.4097
2025-05-29,0.4161,,0.4161
2025-05-30,0.4131,,0.4131
2025-06-03,0.4129,,0.4129
2025-06-04,0.4197,,0.4197
2025-06-05,0.42,,0.42
2025-06-06,0.4199,,0.4199
2025-06-09,0.4251,,0.4251
2025-06-10,0.4287,,0.4287
2025-06-11,0.4328,,0.4328
2025-06-12,0.4298,,0.4298
2025-06-13,0.4285,,0.4285
2025-06-16,0.4304,,0.4304
2025-06-17,0.4301,,0.4301
2025-06-18,0.4299,,0.4299
2025-06-19,0.4225,,0.4225
2025-06-20,0.4237,,0.4237
2025-06-23,0.4281,,0.4281
2025-06-24,0.4337,,0.4337
2025-06-25,0.4378,,0.4378
2025-06-26,0.4363,,0.4363
2025-06-30,0.4315,,0.4315
2025-07-01,0.4315,,0.4315
2025-07-02,0.437,,0.437
2025-07-03,0.4401,,0.4401
2025-07-04,0.4377,,0.4377
2025-07-07,0.4363,,0.4363
2025-07-08,0.4393,,0.4393
2025-07-09,0.4392,,0.4392
2025-07-10,0.4402,,0.4402
2025-07-11,0.4422,,0.4422
2025-07-14,0.4408,,0.4408
2025-07-15,0.4481,,0.4481
2025-07-16,0.4477,,0.4477
2025-07-17,0.4504,,0.4504
2025-07-18,0.4552,,0.4552
2025-07-21,0.4539,,0.4539
2025-07-22,0.4515,,0.4515
2025-07-23,0.4572,,0.4572
2025-07-24,0.4598,,0.4598
2025-07-25,0.4578,,0.4578
2025-07-28,0.4614,,0.4614
2025-07-29,0.4613,,0.4613
2025-07-30,0.4595,,0.4595
2025-07-31,0.4596,,0.4596
2025-08-01,0.4554,,0.4554
2025-08-04,0.4543,,0.4543
2025-08-05,0.4593,,0.4593
2025-08-06,0.4597,,0.4597
2025-08-07,0.4681,,0.4681
2025-08-08,0.4696,,0.4696
2025-08-11,0.4711,,0.4711
2025-08-12,0.471,,0.471
2025-08-13,0.4787,,0.4787
2025-08-14,0.4785,,0.4785
2025-08-15,0.4836,,0.4836
2025-08-18,0.489,,0.489
2025-08-19,0.4861,,0.4861
2025-08-20,0.4777,,0.4777
2025-08-21,0.4778,,0.4778
2025-08-22,0.4827,,0.4827
2025-08-25,0.4931,,0.4931
2025-08-26,0.4939,,0.4939
2025-08-27,0.4927,,0.4927
2025-08-28,0.49,,0.49
2025-08-29,0.4951,,0.4951
2025-09-02,0.4929,,0.4929
2025-09-03,0.493,,0.493
2025-09-04,0.4855,,0.4855
2025-09-08,0.5036,,0.5036
2025-09-09,0.5078,,0.5078
2025-09-10,0.5168,,0.5168
2025-09-11,0.5206,,0.5206
2025-09-12,0.522,,0.522
2025-09-17,0.5303,,0.5303
2025-09-18,0.5318,,0.5318
2025-09-19,0.5312,,0.5312
2025-09-22,0.5366,,0.5366
2025-09-23,0.5337,,0.5337
2025-09-24,0.5391,,0.5391
2025-09-25,0.5368,,0.5368
2025-09-26,0.5288,,0.5288
2025-09-29,0.537,,0.537
2025-09-30,0.5464,,0.5464
2025-10-01,0.5464,,0.5464
2025-10-02,0.5579,,0.5579
2025-10-03,0.5607,,0.5607
2025-10-06,0.5611,,0.5611
2025-10-07,0.5611,,0.5611
2025-10-08,0.5598,,0.5598
2025-10-09,0.5611,,0.5611
2025-10-10,0.5487,,0.5487
2025-10-13,0.5436,,0.5436
2025-10-14,0.5289,,0.5289
2025-10-15,0.5419,,0.5419
2025-10-16,0.5416,,0.5416
2025-10-17,0.5245,,0.5245
2025-10-21,0.5417,,0.5417
2025-10-22,0.5354,,0.5354
2025-10-23,0.5346,,0.5346
2025-10-24,0.5421,,0.5421
2025-10-27,0.5541,,0.5541
2025-10-28,0.5501,,0.5501
2025-10-29,0.5501,,0.5501
2025-10-30,0.5508,,0.5508
2025-10-31,0.542,,0.542
2025-11-03,0.5425,,0.5425
2025-11-04,0.5345,,0.5345
2025-11-05,0.5308,,0.5308
2025-11-06,0.5396,,0.5396
2025-11-07,0.5304,,0.5304
2025-11-10,0.5347,,0.5347
2025-11-11,0.5293,,0.5293
2025-11-12,0.5287,,0.5287
2025-11-13,0.5328,,0.5328
2025-11-14,0.5216,,0.5216
2025-11-17,0.5216,,0.5216
2025-11-18,0.5104,,0.5104
2025-11-19,0.5065,,0.5065
2025-11-20,0.5124,,0.5124
2025-11-21,0.4916,,0.4916
2025-11-24,0.4979,,0.4979
2025-11-25,0.506,,0.506
2025-11-26,0.5105,,0.5105
2025-11-27,0.5107,,0.5107
2025-11-28,0.5132,,0.5132
2025-12-01,0.5142,,0.5142
2025-12-02,0.5154,,0.5154
2025-12-03,0.5131,,0.5131
2025-12-04,0.5134,,0.5134
2025-12-05,0.5192,,0.5192
2025-12-08,0.5216,,0.5216
2025-12-09,0.5181,,0.5181
2025-12-10,0.5214,,0.5214
2025-12-11,0.5148,,0.5148
2025-12-12,0.5222,,0.5222
2025-12-15,0.5111,,0.5111
2025-12-16,0.4996,,0.4996
2025-12-17,0.5051,,0.5051
2025-12-18,0.5026,,0.5026
2025-12-19,0.5076,,0.5076
2025-12-22,0.5155,,0.5155
2025-12-23,0.5144,,0.5144
2025-12-24,0.516,,0.516
2025-12-26,0.516,,0.516
2025-12-29,0.5175,,0.5175
2025-12-30,0.5175,,0.5175
2025-12-31,0.5182,,0.5182
2026-01-02,0.5278,,0.5278
2026-01-05,0.5372,,0.5372
2026-01-06,0.5428,,0.5428
2026-01-07,0.5416,,0.5416
2026-01-08,0.5372,,0.5372
2026-01-09,0.5413,,0.5413
2026-01-12,0.5468,,0.5468
2026-01-13,0.5469,,0.5469
2026-01-14,0.5524,,0.5524
2026-01-15,0.5511,,0.5511
2026-01-16,0.5588,,0.5588
2026-01-19,0.5541,,0.5541
2026-01-20,0.5535,,0.5535
2026-01-21,0.5545,,0.5545
2026-01-22,0.5615,,0.5615
2026-01-23,0.5652,,0.5652
2026-01-26,0.5591,,0.5591
2026-01-27,0.566,,0.566
2026-01-28,0.5723,,0.5723
2026-01-29,0.5684,,0.5684
2026-01-30,0.5597,,0.5597
2026-02-03,0.5581,,0.5581
2026-02-04,0.5567,,0.5567
2026-02-05,0.5474,,0.5474
2026-02-06,0.5436,,0.5436
2026-02-09,0.5607,,0.5607
2026-02-10,0.5666,,0.5666
2026-02-11,0.5721,,0.5721
2026-02-12,0.5721,,0.5721
2026-02-13,0.5649,,0.5649
2026-02-16,0.5662,,0.5662
2026-02-19,0.5662,,0.5662
2026-02-20,0.5623,,0.5623
2026-02-23,0.5684,,0.5684
2026-02-24,0.5737,,0.5737
2026-02-25,0.582,,0.582
2026-02-26,0.5792,,0.5792
2026-02-27,0.5816,,0.5816
2026-03-02,0.5769,,0.5769
2026-03-03,0.5606,,0.5606
2026-03-04,0.5408,,0.5408
2026-03-05,0.5527,,0.5527
2026-03-06,0.5561,,0.5561
2026-03-09,0.5367,,0.5367
2026-03-10,0.5554,,0.5554
2026-03-11,0.5657,,0.5657
2026-03-12,0.5605,,0.5605
2026-03-13,0.5576,,0.5576
2026-03-16,0.5591,,0.5591
2026-03-17,0.5604,,0.5604
2026-03-18,0.5743,,0.5743
2026-03-19,0.5634,,0.5634
2026-03-24,0.5484,,0.5484
2026-03-25,0.5685,,0.5685
2026-03-26,0.5634,,0.5634
2026-03-27,0.5654,,0.5654
2026-03-30,0.56,,0.56
2026-03-31,0.547,,0.547
2026-04-01,0.5713,,0.5713
2026-04-02,0.5618,,0.5618
2026-04-03,0.5618,,0.5618
2026-04-06,0.5618,,0.5618
2026-04-07,0.5618,,0.5618
2026-04-08,0.5988,,0.5988
2026-04-09,0.602,,0.602
2026-04-10,0.6096,,0.6096
2026-04-13,0.608,,0.608
2026-04-14,0.6163,,0.6163
2026-04-15,0.6249,,0.6249
2026-04-16,0.6414,,0.6414
2026-04-17,0.6395,,0.6395
2026-04-20,0.6473,,0.6473
2026-04-21,0.658,,0.658
2026-04-22,0.6602,,0.6602
2026-04-23,0.6541,,0.6541
2026-04-24,0.6682,,0.6682
2026-04-27,0.6674,,0.6674
2026-04-28,0.6625,,0.6625
2026-04-29,0.67,,0.67
